{"_wandb":{"runtime":161},"_runtime":0.693578461,"_step":0,"time_stamp":"2025-04-04_00-09-12","_timestamp":1.7437001549359474e+09}