{"_step":0,"time_stamp":"2025-04-03_23-21-25","_wandb":{"runtime":9},"_timestamp":1.743697287447999e+09,"_runtime":0.653303211}