{"_runtime":0.879017279,"_step":0,"_wandb":{"runtime":7},"time_stamp":"2025-04-03_23-19-12","_timestamp":1.743697154197011e+09}