{"_wandb":{"runtime":55},"_step":0,"time_stamp":"2025-04-03_23-29-40","_timestamp":1.7436977824118931e+09,"_runtime":0.565153508}