{"_runtime":0.586872308,"_step":0,"_wandb":{"runtime":26},"time_stamp":"2025-04-04_00-46-28","_timestamp":1.7437023899921956e+09}