{"_wandb":{"runtime":27},"_runtime":0.623094439,"_step":0,"time_stamp":"2025-04-04_00-02-14","_timestamp":1.7436997358971677e+09}