{"_step":0,"time_stamp":"2025-04-04_00-03-33","_timestamp":1.743699815412636e+09,"_runtime":0.617527554,"_wandb":{"runtime":28}}