{"time_stamp":"2025-04-03_23-49-19","_wandb":{"runtime":21},"_timestamp":1.7436989617405787e+09,"_runtime":0.573476492,"_step":0}